{"loss": [0.1948656671733906, 0.08354895609313001, 0.06192031888888838, 0.050479444138643643, 0.04340099012165253], "acc": [0.9407, 0.9751333333333333, 0.9809333333333333, 0.9848166666666667, 0.98645]}